id,title,description,availability,condition,price,link,image_link,brand
"meera-plus-suit","MEERA - Meera Mustard Zari-Yoke 3-Piece Suit Set (4 Pcs Set (M–2XL))","Meera Mustard Zari-Yoke 3-Piece Suit Set | Verified MRP: ₹1,950 | Sizes: M, L, XL, 2XL (4 Pcs Set (M–2XL)) | Fabric: Festive Silk Blend with Woven Dupatta | Work: Geometric & Floral Thread-Zari Neckline Yoke | WhatsApp 24/7 AI Order: +91 90542 41725 (+91 63552 85433 / +91 90542 41725)","in stock","new","1950 INR","https://www.shruhicollections.in/","https://shruhicollections.in/assets/products/meera-mustard-plus-size-suit.jpg","Shruhi Collections"
"astha-maroon-aline","ASTHA - Astha Deep Maroon A-Line Tunic & Pant Set (Single Size (L))","Astha Deep Maroon A-Line Tunic & Pant Set | Verified MRP: ₹1,550 | Sizes: L (Single Size (L)) | Fabric: Textured Chanderi / Slub Silk Blend | Work: Contrast Olive-Green Embroidered Yoke & Zari Cuffs | WhatsApp 24/7 AI Order: +91 90542 41725 (+91 63552 85433 / +91 90542 41725)","in stock","new","1550 INR","https://www.shruhicollections.in/","https://shruhicollections.in/assets/products/astha-maroon-aline-kurti-set.jpg","Shruhi Collections"
"styleefik-lamex","LAMEX - Lamex Bronze-Gold Scalloped Border Suit Set (4 Pcs Set (M–2XL))","Lamex Bronze-Gold Scalloped Border Suit Set | Verified MRP: ₹2,850 | Sizes: M, L, XL, 2XL (4 Pcs Set (M–2XL)) | Fabric: Lustrous Tissue-Silk Blend | Work: Silver-Zari Neckline & Vertical Floral Medallion Cutwork | WhatsApp 24/7 AI Order: +91 90542 41725 (+91 63552 85433 / +91 90542 41725)","in stock","new","2850 INR","https://www.shruhicollections.in/","https://shruhicollections.in/assets/products/styleefik-lamex-bronze-suit.jpg","Shruhi Collections"
"styleefik-tejal","TEJAL - Tejal Golden-Ochre V-Neck Palazzo Suit Set (4 Pcs Set (M–2XL))","Tejal Golden-Ochre V-Neck Palazzo Suit Set | Verified MRP: ₹3,550 | Sizes: M, L, XL, 2XL (4 Pcs Set (M–2XL)) | Fabric: Rich Shimmer Silk with Flowing Palazzo | Work: Diamond Medallion Yoke, Sequin Buttis & Scalloped Hem | WhatsApp 24/7 AI Order: +91 90542 41725 (+91 63552 85433 / +91 90542 41725)","in stock","new","3550 INR","https://www.shruhicollections.in/","https://shruhicollections.in/assets/products/styleefik-tejal-ochre-sharara-set.jpg","Shruhi Collections"
"moni-pastel-twin","MONI - Moni Pastel Sage & Ivory Scalloped Dupatta Suit (4 Pcs Set (M–2XL))","Moni Pastel Sage & Ivory Scalloped Dupatta Suit | Verified MRP: ₹2,550 | Sizes: M, L, XL, 2XL (4 Pcs Set (M–2XL)) | Fabric: Soft Chanderi Cotton-Silk | Work: Burgundy-Rose Resham Embroidery & Cutwork Dupatta | WhatsApp 24/7 AI Order: +91 90542 41725 (+91 63552 85433 / +91 90542 41725)","in stock","new","2550 INR","https://www.shruhicollections.in/","https://shruhicollections.in/assets/products/moni-pastel-twin-suit-set.jpg","Shruhi Collections"
"dno-1042-plus-suit","D.NO 1042 - D.No 1042 Olive & Bandhani Print Plus-Size Suit (2-Colour Series) (3 Pcs Set (3XL–5XL) / 4 Pcs Set (3XL–6XL))","D.No 1042 Olive & Bandhani Print Plus-Size Suit (2-Colour Series) | Verified MRP: ₹2,550 | Sizes: 3XL, 4XL, 5XL, 6XL (3 Pcs Set (3XL–5XL) / 4 Pcs Set (3XL–6XL)) | Fabric: Soft Viscose Silk with Printed Modal Dupatta | Work: Tie-Up Tassel Neckline & Bandhani / Leaf-Print Dupatta | WhatsApp 24/7 AI Order: +91 90542 41725 (+91 63552 85433 / +91 90542 41725)","in stock","new","2550 INR","https://www.shruhicollections.in/","https://shruhicollections.in/assets/products/dno-1042-olive-teal-plus-size-suit.jpg","Shruhi Collections"
"styleefik-kitty-party","KITTY PARTY - Kitty Party Mustard Collared Appliqué Co-ord Set (3 Pcs Set (L–2XL))","Kitty Party Mustard Collared Appliqué Co-ord Set | Verified MRP: ₹1,800 | Sizes: L, XL, 2XL (3 Pcs Set (L–2XL)) | Fabric: Crisp Linen-Cotton Slub | Work: Illustrated Fashion-Girl Hem Appliqué & Embroidery | WhatsApp 24/7 AI Order: +91 90542 41725 (+91 63552 85433 / +91 90542 41725)","in stock","new","1800 INR","https://www.shruhicollections.in/","https://shruhicollections.in/assets/products/styleefik-kitty-party-mustard-coord.jpg","Shruhi Collections"
"styleefik-manika","MANIKA - Manika Berry-Mauve Mandala V-Neck Suit Set (4 Pcs Set (M–2XL))","Manika Berry-Mauve Mandala V-Neck Suit Set | Verified MRP: ₹2,850 | Sizes: M, L, XL, 2XL (4 Pcs Set (M–2XL)) | Fabric: Lustrous Modal / Roman Silk | Work: White & Silver Thread Mandala V-Neck & Scalloped Dupatta | WhatsApp 24/7 AI Order: +91 90542 41725 (+91 63552 85433 / +91 90542 41725)","in stock","new","2850 INR","https://www.shruhicollections.in/","https://shruhicollections.in/assets/products/styleefik-manika-mauve-suit.jpg","Shruhi Collections"
"alkapuri-wine-suit","ALKAPURI - Alkapuri Deep Wine Palazzo & Organza Dupatta Set (4 Pcs Set (M–2XL))","Alkapuri Deep Wine Palazzo & Organza Dupatta Set | Verified MRP: ₹2,250 | Sizes: M, L, XL, 2XL (4 Pcs Set (M–2XL)) | Fabric: Roman Silk with Sheer Embroidered Dupatta | Work: Silver Zari Neckline Placket & Floral Motif Dupatta | WhatsApp 24/7 AI Order: +91 90542 41725 (+91 63552 85433 / +91 90542 41725)","in stock","new","2250 INR","https://www.shruhicollections.in/","https://shruhicollections.in/assets/products/alkapuri-wine-palazzo-suit.jpg","Shruhi Collections"
"dno-1038-plus-suit","D.NO 1038 - D.No 1038 Crimson Maroon Geometric Panel Plus-Size Suit (3 Pcs Set (3XL, 5XL, 6XL))","D.No 1038 Crimson Maroon Geometric Panel Plus-Size Suit | Verified MRP: ₹2,650 | Sizes: 3XL, 5XL, 6XL (3 Pcs Set (3XL, 5XL, 6XL)) | Fabric: Premium Heavy Rayon / Silk Blend | Work: Full-Length Ajrakh-Inspired Geometric Center Panel & Mirror Accents | WhatsApp 24/7 AI Order: +91 90542 41725 (+91 63552 85433 / +91 90542 41725)","in stock","new","2650 INR","https://www.shruhicollections.in/","https://shruhicollections.in/assets/products/dno-1038-maroon-ajrakh-plus-size-suit.jpg","Shruhi Collections"
"mostyle-4781-tunic","SHRUHI 4781 - Shruhi 4781 Ivory Floral Lace-Trim Peplum Tunic (3 Pcs Set (M–XL))","Shruhi 4781 Ivory Floral Lace-Trim Peplum Tunic | Verified MRP: ₹1,550 | Sizes: M, L, XL (3 Pcs Set (M–XL)) | Fabric: Breathable Textured Cotton Lawn | Work: Watercolor Botanical Print, Crochet Lace & Braided Tassel Belt | WhatsApp 24/7 AI Order: +91 90542 41725 (+91 63552 85433 / +91 90542 41725)","in stock","new","1550 INR","https://www.shruhicollections.in/","https://shruhicollections.in/assets/products/mostyle-4781-ivory-floral-tunic.jpg","Shruhi Collections"
"mostyle-5708-coord","SHRUHI 5708 - Shruhi 5708 Cream & Dusty Rose Strappy Floral Co-ord Set (2 Pcs Set (L, XL))","Shruhi 5708 Cream & Dusty Rose Strappy Floral Co-ord Set | Verified MRP: ₹1,750 | Sizes: L, XL (2 Pcs Set (L, XL)) | Fabric: Lightweight Linen-Viscose Blend | Work: Lotus Floral Print & Embroidered Sunburst Medallion | WhatsApp 24/7 AI Order: +91 90542 41725 (+91 63552 85433 / +91 90542 41725)","in stock","new","1750 INR","https://www.shruhicollections.in/","https://shruhicollections.in/assets/products/mostyle-5708-cream-floral-coord.jpg","Shruhi Collections"
"valentina-magenta-suit","VALENTINA - Valentina Jamun-Magenta Patola Dupatta Suit Set (Single Size (L))","Valentina Jamun-Magenta Patola Dupatta Suit Set | Verified MRP: ₹2,550 | Sizes: L (Single Size (L)) | Fabric: Lustrous Modal Silk with Woven-Look Printed Dupatta | Work: Vertical Pintucks, Mirror Diamond Buttis & Patola Borders | WhatsApp 24/7 AI Order: +91 90542 41725 (+91 63552 85433 / +91 90542 41725)","in stock","new","2550 INR","https://www.shruhicollections.in/","https://shruhicollections.in/assets/products/valentina-magenta-patola-suit.jpg","Shruhi Collections"
"lock-brown-deer-suit","LOCK - Lock Espresso Brown Crimson-Moon & Deer Motif Suit Set (Single Size (M))","Lock Espresso Brown Crimson-Moon & Deer Motif Suit Set | Verified MRP: ₹2,350 | Sizes: M (Single Size (M)) | Fabric: Textured Tussar-Linen Silk Blend | Work: Artistic Deer & Crimson Sun Appliqué/Print with Scalloped Dupatta | WhatsApp 24/7 AI Order: +91 90542 41725 (+91 63552 85433 / +91 90542 41725)","in stock","new","2350 INR","https://www.shruhicollections.in/","https://shruhicollections.in/assets/products/lock-coffee-brown-deer-motif-suit.jpg","Shruhi Collections"
"mostyle-5810-dress","SHRUHI 5810 - Shruhi 5810 Jet-Black Paisley Border Midi Dress (4 Pcs Set (M–2XL))","Shruhi 5810 Jet-Black Paisley Border Midi Dress | Verified MRP: ₹1,450 | Sizes: M, L, XL, 2XL (4 Pcs Set (M–2XL)) | Fabric: Soft Rayon Crepe | Work: Vibrant Multicolor Kashmiri Paisley Border & Tassel Waist Belt | WhatsApp 24/7 AI Order: +91 90542 41725 (+91 63552 85433 / +91 90542 41725)","in stock","new","1450 INR","https://www.shruhicollections.in/","https://shruhicollections.in/assets/products/mostyle-5810-black-paisley-midi-dress.jpg","Shruhi Collections"
"mostyle-b2876-coord","SHRUHI B-2876 - Shruhi B-2876 Burgundy Kashmiri-Floral Embroidered Co-ord (3 Pcs Set (3XL–5XL))","Shruhi B-2876 Burgundy Kashmiri-Floral Embroidered Co-ord | Verified MRP: ₹2,250 | Sizes: 3XL, 4XL, 5XL (3 Pcs Set (3XL–5XL)) | Fabric: Premium Velvet-Touch / Heavy Roman Silk | Work: 360° Front & Back Multicolor Floral Vine Embroidery | WhatsApp 24/7 AI Order: +91 90542 41725 (+91 63552 85433 / +91 90542 41725)","in stock","new","2250 INR","https://www.shruhicollections.in/","https://shruhicollections.in/assets/products/mostyle-b2876-maroon-embroidered-coord.jpg","Shruhi Collections"
"mostyle-5625-tunic","SHRUHI 5625 - Shruhi 5625 Midnight Navy & Crimson Botanical Short Kurti (4 Pcs Set (M–2XL))","Shruhi 5625 Midnight Navy & Crimson Botanical Short Kurti | Verified MRP: ₹850 | Sizes: M, L, XL, 2XL (4 Pcs Set (M–2XL)) | Fabric: 100% Pure Cambric Cotton | Work: All-Over Heritage Kalamkari-Inspired Botanical Print | WhatsApp 24/7 AI Order: +91 90542 41725 (+91 63552 85433 / +91 90542 41725)","in stock","new","850 INR","https://www.shruhicollections.in/","https://shruhicollections.in/assets/products/mostyle-5625-navy-botanical-tunic.jpg","Shruhi Collections"
"mostyle-5041-kaftan","SHRUHI 5041 - Shruhi 5041 Dusty Plum Chevron Kaftan & Palazzo Co-ord (2 Pcs Set (L, XL))","Shruhi 5041 Dusty Plum Chevron Kaftan & Palazzo Co-ord | Verified MRP: ₹1,550 | Sizes: L, XL (2 Pcs Set (L, XL)) | Fabric: Fluid Modal Satin / Muslin Silk | Work: Bandhani-Chevron Print with Turquoise Ethnic Border Trim | WhatsApp 24/7 AI Order: +91 90542 41725 (+91 63552 85433 / +91 90542 41725)","in stock","new","1550 INR","https://www.shruhicollections.in/","https://shruhicollections.in/assets/products/mostyle-5041-plum-chevron-kaftan-coord.jpg","Shruhi Collections"
"wa-anupama-rust-suit","ANUPAMA-I - Anupama Cinnamon-Rust Embroidered Scallop Dupatta Suit (7 Pcs Set (M–5XL))","Anupama Cinnamon-Rust Embroidered Scallop Dupatta Suit | Verified MRP: ₹2,550 | Sizes: M, L, XL, 2XL, 3XL, 4XL, 5XL (7 Pcs Set (M–5XL)) | Fabric: Lustrous Roman Silk with Scalloped Dupatta | Work: Silver-Zari Neckline, Scattered Buttis & Cutwork Dupatta Border | WhatsApp 24/7 AI Order: +91 90542 41725 (+91 63552 85433 / +91 90542 41725)","in stock","new","2550 INR","https://www.shruhicollections.in/","https://shruhicollections.in/assets/products/wa-02-shruhi-anupama-rust-suit.jpg","Shruhi Collections"
"wa-glory-taupe-suit","SHRUHI GLORY - Glory Taupe-Beige Organza Floral Dupatta Suit Set (4 Pcs Set (M–2XL))","Glory Taupe-Beige Organza Floral Dupatta Suit Set | Verified MRP: ₹2,650 | Sizes: M, L, XL, 2XL (4 Pcs Set (M–2XL)) | Fabric: Soft Shimmer Silk with Printed Organza Dupatta | Work: Zari & Pearl V-Placket Embroidery with Floral Organza Dupatta | WhatsApp 24/7 AI Order: +91 90542 41725 (+91 63552 85433 / +91 90542 41725)","in stock","new","2650 INR","https://www.shruhicollections.in/","https://shruhicollections.in/assets/products/wa-03-shruhi-glory-taupe-suit.jpg","Shruhi Collections"
"wa-galaxy-banarasi-suit","SHRUHI GALAXY - Galaxy Ivory & Royal Crimson Banarasi Silk Dupatta Suit (7 Pcs Set (M–5XL))","Galaxy Ivory & Royal Crimson Banarasi Silk Dupatta Suit | Verified MRP: ₹3,550 | Sizes: M, L, XL, 2XL, 3XL, 4XL, 5XL (7 Pcs Set (M–5XL)) | Fabric: Chanderi Silk Kurta with Heavy Woven Banarasi Dupatta | Work: Crimson Zari Neckline & Heirloom Gold-Zari Banarasi Dupatta | WhatsApp 24/7 AI Order: +91 90542 41725 (+91 63552 85433 / +91 90542 41725)","in stock","new","3550 INR","https://www.shruhicollections.in/","https://shruhicollections.in/assets/products/wa-04-shruhi-galaxy-banarasi-suit.jpg","Shruhi Collections"
"wa-5601-denim-dress","SHRUHI 5601 - Shruhi 5601 Indigo Denim Button-Down Tiered Midi Dress (4 Pcs Set (M–2XL))","Shruhi 5601 Indigo Denim Button-Down Tiered Midi Dress | Verified MRP: ₹1,550 | Sizes: M, L, XL, 2XL (4 Pcs Set (M–2XL)) | Fabric: Soft Washed Tencel-Denim Chambray | Work: Ombré Washed Pleated Skirt Tier & Shirt Collar Placket | WhatsApp 24/7 AI Order: +91 90542 41725 (+91 63552 85433 / +91 90542 41725)","in stock","new","1550 INR","https://www.shruhicollections.in/","https://shruhicollections.in/assets/products/wa-05-shruhi-5601-denim-midi-dress.jpg","Shruhi Collections"
"wa-shree-coffee-suit","SHRUHI SHREE - Shree Coffee-Brown Zari-Yoke Elegance 3-Piece Suit Set (4 Pcs Set (M–2XL))","Shree Coffee-Brown Zari-Yoke Elegance 3-Piece Suit Set | Verified MRP: ₹2,550 | Sizes: M, L, XL, 2XL (4 Pcs Set (M–2XL)) | Fabric: Lustrous Modal / Chanderi Silk | Work: Antique Gold Zari Neckline Medallion & Embroidered Dupatta | WhatsApp 24/7 AI Order: +91 90542 41725 (+91 63552 85433 / +91 90542 41725)","in stock","new","2550 INR","https://www.shruhicollections.in/","https://shruhicollections.in/assets/products/wa-06-shruhi-shree-coffee-suit.jpg","Shruhi Collections"
"wa-anupama-ivory-suit","ANUPAMA-II - Anupama Pearl-Ivory Scalloped Dupatta Plus-Size Suit (3 Pcs Set (3XL–5XL))","Anupama Pearl-Ivory Scalloped Dupatta Plus-Size Suit | Verified MRP: ₹2,550 | Sizes: 3XL, 4XL, 5XL (3 Pcs Set (3XL–5XL)) | Fabric: Lustrous Roman Silk with Scalloped Dupatta | Work: Subtle Silver-Gold Neckline Work & Cutwork Scalloped Dupatta | WhatsApp 24/7 AI Order: +91 90542 41725 (+91 63552 85433 / +91 90542 41725)","in stock","new","2550 INR","https://www.shruhicollections.in/","https://shruhicollections.in/assets/products/wa-07-shruhi-anupama-ivory-suit.jpg","Shruhi Collections"
"wa-dno1002-mustard-coord","D.NO 1002 (GOLD) - D.No 1002 Mustard-Gold Geometric Yoke Plus-Size Palazzo Set (2 Pcs Set (3XL, 4XL))","D.No 1002 Mustard-Gold Geometric Yoke Plus-Size Palazzo Set | Verified MRP: ₹1,500 | Sizes: 3XL, 4XL (2 Pcs Set (3XL, 4XL)) | Fabric: Heavy Slub Rayon / Cotton Silk | Work: Contrast Black & Maroon Geometric Patchwork Yoke & Sleeve Cuffs | WhatsApp 24/7 AI Order: +91 90542 41725 (+91 63552 85433 / +91 90542 41725)","in stock","new","1500 INR","https://www.shruhicollections.in/","https://shruhicollections.in/assets/products/wa-08-dno-1002-mustard-plus-coord.jpg","Shruhi Collections"
"wa-dno1002-ivory-coord","D.NO 1002 (IVORY) - D.No 1002 Ivory & Rust Geometric Yoke Plus-Size Palazzo Set (3 Pcs Set (3XL–5XL))","D.No 1002 Ivory & Rust Geometric Yoke Plus-Size Palazzo Set | Verified MRP: ₹1,500 | Sizes: 3XL, 4XL, 5XL (3 Pcs Set (3XL–5XL)) | Fabric: Heavy Slub Rayon / Cotton Silk | Work: Contrast Rust-Maroon Geometric Yoke & Cuffs | WhatsApp 24/7 AI Order: +91 90542 41725 (+91 63552 85433 / +91 90542 41725)","in stock","new","1500 INR","https://www.shruhicollections.in/","https://shruhicollections.in/assets/products/wa-09-dno-1002-ivory-plus-coord.jpg","Shruhi Collections"
"wa-5795-floral-dress","SHRUHI 5795 - Shruhi 5795 Crimson & Beige Kalamkari Floral Midi Dress (Single Size (L))","Shruhi 5795 Crimson & Beige Kalamkari Floral Midi Dress | Verified MRP: ₹1,350 | Sizes: L (Single Size (L)) | Fabric: 100% Pure Soft Cambric Cotton | Work: All-Over Botanical Floral Block Print & Notched Lapel Collar | WhatsApp 24/7 AI Order: +91 90542 41725 (+91 63552 85433 / +91 90542 41725)","in stock","new","1350 INR","https://www.shruhicollections.in/","https://shruhicollections.in/assets/products/wa-10-shruhi-5795-floral-midi-dress.jpg","Shruhi Collections"
"wa-5620-swirl-tunic","SHRUHI 5620 - Shruhi 5620 Multicolor Abstract Marble-Swirl Short Tunic (4 Pcs Set (M–2XL))","Shruhi 5620 Multicolor Abstract Marble-Swirl Short Tunic | Verified MRP: ₹850 | Sizes: M, L, XL, 2XL (4 Pcs Set (M–2XL)) | Fabric: Soft Viscose Lawn / Muslin Blend | Work: Artistic Abstract Botanical & Marble Swirl Print | WhatsApp 24/7 AI Order: +91 90542 41725 (+91 63552 85433 / +91 90542 41725)","in stock","new","850 INR","https://www.shruhicollections.in/","https://shruhicollections.in/assets/products/wa-11-shruhi-5620-swirl-tunic.jpg","Shruhi Collections"
"wa-kavya-mauve-suit","SHRUHI KAVYA - Kavya Dusty-Mauve Cutwork Hem & Ivory Organza Dupatta Suit (3 Pcs Set (S, L, 2XL))","Kavya Dusty-Mauve Cutwork Hem & Ivory Organza Dupatta Suit | Verified MRP: ₹2,850 | Sizes: S, L, 2XL (3 Pcs Set (S, L, 2XL)) | Fabric: Textured Chanderi Silk with Scalloped Organza Dupatta | Work: V-Neck Threadwork, Cutwork Kurta Hem & Ivory Scalloped Dupatta | WhatsApp 24/7 AI Order: +91 90542 41725 (+91 63552 85433 / +91 90542 41725)","in stock","new","2850 INR","https://www.shruhicollections.in/","https://shruhicollections.in/assets/products/wa-12-shruhi-kavya-mauve-suit.jpg","Shruhi Collections"
"ms-101-tartan-checks-collection","SHRUHI-MS-101 - Wisteria Tartan & Windowpane Check Casual Shirt (4 Pcs Set (M–2XL))","Wisteria Tartan & Windowpane Check Casual Shirt | Verified MRP: ₹999 | Sizes: M, L, XL, 2XL (4 Pcs Set (M–2XL)) | Fabric: 100% Pure Combed Cotton & Imported Slub Linen | Work: Executive Tailored Fit • Colorfast Dye • Pre-Shrunk | WhatsApp 24/7 AI Order: +91 90542 41725 (+91 63552 85433 / +91 90542 41725)","in stock","new","999 INR","https://www.shruhicollections.in/","https://shruhicollections.in/assets/products/mens/ms-101-tartan-checks-collection.jpg","Shruhi Collections"
"ms-102-pastel-flannel-checks","SHRUHI-MS-102 - Pastel Brushed Cotton Check Casual Shirt (3-Shade Pack) (4 Pcs Set (M–2XL))","Pastel Brushed Cotton Check Casual Shirt (3-Shade Pack) | Verified MRP: ₹999 | Sizes: M, L, XL, 2XL (4 Pcs Set (M–2XL)) | Fabric: 100% Pure Combed Cotton & Imported Slub Linen | Work: Executive Tailored Fit • Colorfast Dye • Pre-Shrunk | WhatsApp 24/7 AI Order: +91 90542 41725 (+91 63552 85433 / +91 90542 41725)","in stock","new","999 INR","https://www.shruhicollections.in/","https://shruhicollections.in/assets/products/mens/ms-102-pastel-flannel-checks.jpg","Shruhi Collections"
"ms-103-lycra-stretch-12-colours","SHRUHI-MS-103 - Signature Lycra 4-Way Stretch Solid Shirt (12 Colours) (4 Pcs Set (M–2XL))","Signature Lycra 4-Way Stretch Solid Shirt (12 Colours) | Verified MRP: ₹999 | Sizes: M, L, XL, 2XL (4 Pcs Set (M–2XL)) | Fabric: 100% Pure Combed Cotton & Imported Slub Linen | Work: Executive Tailored Fit • Colorfast Dye • Pre-Shrunk | WhatsApp 24/7 AI Order: +91 90542 41725 (+91 63552 85433 / +91 90542 41725)","in stock","new","999 INR","https://www.shruhicollections.in/","https://shruhicollections.in/assets/products/mens/ms-103-lycra-stretch-12-colours.jpg","Shruhi Collections"
"ms-104-vintage-madras-check-trio","SHRUHI-MS-104 - Vintage Madras & Windowpane Check Shirt Trio (4 Pcs Set (M–2XL))","Vintage Madras & Windowpane Check Shirt Trio | Verified MRP: ₹999 | Sizes: M, L, XL, 2XL (4 Pcs Set (M–2XL)) | Fabric: 100% Pure Combed Cotton & Imported Slub Linen | Work: Executive Tailored Fit • Colorfast Dye • Pre-Shrunk | WhatsApp 24/7 AI Order: +91 90542 41725 (+91 63552 85433 / +91 90542 41725)","in stock","new","999 INR","https://www.shruhicollections.in/","https://shruhicollections.in/assets/products/mens/ms-104-vintage-madras-check-trio.jpg","Shruhi Collections"
"ms-105-micro-gingham-5pc-pack","SHRUHI-MS-105 - Executive Micro-Gingham Check Shirt (5-Colour Pack) (4 Pcs Set (M–2XL))","Executive Micro-Gingham Check Shirt (5-Colour Pack) | Verified MRP: ₹999 | Sizes: M, L, XL, 2XL (4 Pcs Set (M–2XL)) | Fabric: 100% Pure Combed Cotton & Imported Slub Linen | Work: Executive Tailored Fit • Colorfast Dye • Pre-Shrunk | WhatsApp 24/7 AI Order: +91 90542 41725 (+91 63552 85433 / +91 90542 41725)","in stock","new","999 INR","https://www.shruhicollections.in/","https://shruhicollections.in/assets/products/mens/ms-105-micro-gingham-5pc-pack.jpg","Shruhi Collections"
"ms-106-imported-linen-10-colours","SHRUHI-MS-106 - Imported Slub Linen Solid Casual Shirt (10 Colours) (4 Pcs Set (M–2XL))","Imported Slub Linen Solid Casual Shirt (10 Colours) | Verified MRP: ₹999 | Sizes: M, L, XL, 2XL (4 Pcs Set (M–2XL)) | Fabric: 100% Pure Combed Cotton & Imported Slub Linen | Work: Executive Tailored Fit • Colorfast Dye • Pre-Shrunk | WhatsApp 24/7 AI Order: +91 90542 41725 (+91 63552 85433 / +91 90542 41725)","in stock","new","999 INR","https://www.shruhicollections.in/","https://shruhicollections.in/assets/products/mens/ms-106-imported-linen-10-colours.jpg","Shruhi Collections"
"ms-107-designer-lookbook-full-sleeve-checks","SHRUHI-MS-107 - Designer Studio Full-Sleeve Check Shirt Collection (4 Pcs Set (M–2XL))","Designer Studio Full-Sleeve Check Shirt Collection | Verified MRP: ₹999 | Sizes: M, L, XL, 2XL (4 Pcs Set (M–2XL)) | Fabric: 100% Pure Combed Cotton & Imported Slub Linen | Work: Executive Tailored Fit • Colorfast Dye • Pre-Shrunk | WhatsApp 24/7 AI Order: +91 90542 41725 (+91 63552 85433 / +91 90542 41725)","in stock","new","999 INR","https://www.shruhicollections.in/","https://shruhicollections.in/assets/products/mens/ms-107-designer-lookbook-full-sleeve-checks.jpg","Shruhi Collections"
"ms-108-pure-linen-crest-12-colours","SHRUHI-MS-108 - Pure Linen Embroidered-Crest Shirt (12 Colours) (4 Pcs Set (M–2XL))","Pure Linen Embroidered-Crest Shirt (12 Colours) | Verified MRP: ₹999 | Sizes: M, L, XL, 2XL (4 Pcs Set (M–2XL)) | Fabric: 100% Pure Combed Cotton & Imported Slub Linen | Work: Executive Tailored Fit • Colorfast Dye • Pre-Shrunk | WhatsApp 24/7 AI Order: +91 90542 41725 (+91 63552 85433 / +91 90542 41725)","in stock","new","999 INR","https://www.shruhicollections.in/","https://shruhicollections.in/assets/products/mens/ms-108-pure-linen-crest-12-colours.jpg","Shruhi Collections"
"ms-109-royal-linen-13-colours","SHRUHI-MS-109 - Royal Linen Resort Solid Shirt (13-Colour Master Chart) (4 Pcs Set (M–2XL))","Royal Linen Resort Solid Shirt (13-Colour Master Chart) | Verified MRP: ₹999 | Sizes: M, L, XL, 2XL (4 Pcs Set (M–2XL)) | Fabric: 100% Pure Combed Cotton & Imported Slub Linen | Work: Executive Tailored Fit • Colorfast Dye • Pre-Shrunk | WhatsApp 24/7 AI Order: +91 90542 41725 (+91 63552 85433 / +91 90542 41725)","in stock","new","999 INR","https://www.shruhicollections.in/","https://shruhicollections.in/assets/products/mens/ms-109-royal-linen-13-colours.jpg","Shruhi Collections"
"ms-110-dual-pocket-cargo-shirt","SHRUHI-MS-110 - Dual-Flap Pocket Utility Casual Shirt (White & Black) (4 Pcs Set (M–2XL))","Dual-Flap Pocket Utility Casual Shirt (White & Black) | Verified MRP: ₹999 | Sizes: M, L, XL, 2XL (4 Pcs Set (M–2XL)) | Fabric: 100% Pure Combed Cotton & Imported Slub Linen | Work: Executive Tailored Fit • Colorfast Dye • Pre-Shrunk | WhatsApp 24/7 AI Order: +91 90542 41725 (+91 63552 85433 / +91 90542 41725)","in stock","new","999 INR","https://www.shruhicollections.in/","https://shruhicollections.in/assets/products/mens/ms-110-dual-pocket-cargo-shirt.jpg","Shruhi Collections"
"ms-111-mandarin-collar-linen-solids","SHRUHI-MS-111 - Mandarin Bandhgala Collar Slub-Linen Solid Shirt (4 Pcs Set (M–2XL))","Mandarin Bandhgala Collar Slub-Linen Solid Shirt | Verified MRP: ₹999 | Sizes: M, L, XL, 2XL (4 Pcs Set (M–2XL)) | Fabric: 100% Pure Combed Cotton & Imported Slub Linen | Work: Executive Tailored Fit • Colorfast Dye • Pre-Shrunk | WhatsApp 24/7 AI Order: +91 90542 41725 (+91 63552 85433 / +91 90542 41725)","in stock","new","999 INR","https://www.shruhicollections.in/","https://shruhicollections.in/assets/products/mens/ms-111-mandarin-collar-linen-solids.jpg","Shruhi Collections"
"ms-112-dno301-graph-check-executive-trio","SHRUHI-MS-112 - D.No 301 Executive Graph-Check Shirt (Half & Full Sleeve) (4 Pcs Set (M–2XL))","D.No 301 Executive Graph-Check Shirt (Half & Full Sleeve) | Verified MRP: ₹999 | Sizes: M, L, XL, 2XL (4 Pcs Set (M–2XL)) | Fabric: 100% Pure Combed Cotton & Imported Slub Linen | Work: Executive Tailored Fit • Colorfast Dye • Pre-Shrunk | WhatsApp 24/7 AI Order: +91 90542 41725 (+91 63552 85433 / +91 90542 41725)","in stock","new","999 INR","https://www.shruhicollections.in/","https://shruhicollections.in/assets/products/mens/ms-112-dno301-graph-check-executive-trio.jpg","Shruhi Collections"
"ms-113-vertical-pinstripe-linen-trio","SHRUHI-MS-113 - Tailored Vertical Pinstripe Linen-Cotton Shirt Trio (4 Pcs Set (M–2XL))","Tailored Vertical Pinstripe Linen-Cotton Shirt Trio | Verified MRP: ₹999 | Sizes: M, L, XL, 2XL (4 Pcs Set (M–2XL)) | Fabric: 100% Pure Combed Cotton & Imported Slub Linen | Work: Executive Tailored Fit • Colorfast Dye • Pre-Shrunk | WhatsApp 24/7 AI Order: +91 90542 41725 (+91 63552 85433 / +91 90542 41725)","in stock","new","999 INR","https://www.shruhicollections.in/","https://shruhicollections.in/assets/products/mens/ms-113-vertical-pinstripe-linen-trio.jpg","Shruhi Collections"
"ms-114-monochrome-overcheck-shirt","SHRUHI-MS-114 - Monochrome Ivory & Charcoal Overcheck Casual Shirt (4 Pcs Set (M–2XL))","Monochrome Ivory & Charcoal Overcheck Casual Shirt | Verified MRP: ₹999 | Sizes: M, L, XL, 2XL (4 Pcs Set (M–2XL)) | Fabric: 100% Pure Combed Cotton & Imported Slub Linen | Work: Executive Tailored Fit • Colorfast Dye • Pre-Shrunk | WhatsApp 24/7 AI Order: +91 90542 41725 (+91 63552 85433 / +91 90542 41725)","in stock","new","999 INR","https://www.shruhicollections.in/","https://shruhicollections.in/assets/products/mens/ms-114-monochrome-overcheck-shirt.jpg","Shruhi Collections"
"ms-115-mandarin-botanical-resort-prints","SHRUHI-MS-115 - Mandarin-Collar Botanical & Tropical Resort Printed Shirt (4 Pcs Set (M–2XL))","Mandarin-Collar Botanical & Tropical Resort Printed Shirt | Verified MRP: ₹999 | Sizes: M, L, XL, 2XL (4 Pcs Set (M–2XL)) | Fabric: 100% Pure Combed Cotton & Imported Slub Linen | Work: Executive Tailored Fit • Colorfast Dye • Pre-Shrunk | WhatsApp 24/7 AI Order: +91 90542 41725 (+91 63552 85433 / +91 90542 41725)","in stock","new","999 INR","https://www.shruhicollections.in/","https://shruhicollections.in/assets/products/mens/ms-115-mandarin-botanical-resort-prints.jpg","Shruhi Collections"
"ms-116-shadow-plaid-ombre-checks","SHRUHI-MS-116 - Shadow-Plaid & Ombré Brushed Check Casual Shirt (4 Pcs Set (M–2XL))","Shadow-Plaid & Ombré Brushed Check Casual Shirt | Verified MRP: ₹999 | Sizes: M, L, XL, 2XL (4 Pcs Set (M–2XL)) | Fabric: 100% Pure Combed Cotton & Imported Slub Linen | Work: Executive Tailored Fit • Colorfast Dye • Pre-Shrunk | WhatsApp 24/7 AI Order: +91 90542 41725 (+91 63552 85433 / +91 90542 41725)","in stock","new","999 INR","https://www.shruhicollections.in/","https://shruhicollections.in/assets/products/mens/ms-116-shadow-plaid-ombre-checks.jpg","Shruhi Collections"
"ms-117-heritage-tartan-houndstooth-checks","SHRUHI-MS-117 - Heritage Tartan & Micro-Houndstooth Check Shirt (4 Pcs Set (M–2XL))","Heritage Tartan & Micro-Houndstooth Check Shirt | Verified MRP: ₹999 | Sizes: M, L, XL, 2XL (4 Pcs Set (M–2XL)) | Fabric: 100% Pure Combed Cotton & Imported Slub Linen | Work: Executive Tailored Fit • Colorfast Dye • Pre-Shrunk | WhatsApp 24/7 AI Order: +91 90542 41725 (+91 63552 85433 / +91 90542 41725)","in stock","new","999 INR","https://www.shruhicollections.in/","https://shruhicollections.in/assets/products/mens/ms-117-heritage-tartan-houndstooth-checks.jpg","Shruhi Collections"
"ms-118-textured-popcorn-vertical-stripes","SHRUHI-MS-118 - Textured Popcorn-Weave & Ribbed Vertical Stripe Shirt (4 Pcs Set (M–2XL))","Textured Popcorn-Weave & Ribbed Vertical Stripe Shirt | Verified MRP: ₹999 | Sizes: M, L, XL, 2XL (4 Pcs Set (M–2XL)) | Fabric: 100% Pure Combed Cotton & Imported Slub Linen | Work: Executive Tailored Fit • Colorfast Dye • Pre-Shrunk | WhatsApp 24/7 AI Order: +91 90542 41725 (+91 63552 85433 / +91 90542 41725)","in stock","new","999 INR","https://www.shruhicollections.in/","https://shruhicollections.in/assets/products/mens/ms-118-textured-popcorn-vertical-stripes.jpg","Shruhi Collections"
"ms-119-linen-chambray-nautical-collection","SHRUHI-MS-119 - Linen-Chambray & Nautical Breton Stripe Casual Shirt (4 Pcs Set (M–2XL))","Linen-Chambray & Nautical Breton Stripe Casual Shirt | Verified MRP: ₹999 | Sizes: M, L, XL, 2XL (4 Pcs Set (M–2XL)) | Fabric: 100% Pure Combed Cotton & Imported Slub Linen | Work: Executive Tailored Fit • Colorfast Dye • Pre-Shrunk | WhatsApp 24/7 AI Order: +91 90542 41725 (+91 63552 85433 / +91 90542 41725)","in stock","new","999 INR","https://www.shruhicollections.in/","https://shruhicollections.in/assets/products/mens/ms-119-linen-chambray-nautical-collection.jpg","Shruhi Collections"
"ms-120-jacquard-woven-panel-shirt","SHRUHI-MS-120 - Artisanal Jacquard Vertical-Panel Motif Casual Shirt (4 Pcs Set (M–2XL))","Artisanal Jacquard Vertical-Panel Motif Casual Shirt | Verified MRP: ₹999 | Sizes: M, L, XL, 2XL (4 Pcs Set (M–2XL)) | Fabric: 100% Pure Combed Cotton & Imported Slub Linen | Work: Executive Tailored Fit • Colorfast Dye • Pre-Shrunk | WhatsApp 24/7 AI Order: +91 90542 41725 (+91 63552 85433 / +91 90542 41725)","in stock","new","999 INR","https://www.shruhicollections.in/","https://shruhicollections.in/assets/products/mens/ms-120-jacquard-woven-panel-shirt.jpg","Shruhi Collections"
"ms-121-cobalt-royal-orchid-resort-shirt","SHRUHI-MS-121 - Cobalt Royal Orchid Floral Resort Shirt (4 Pcs Set (M–2XL))","Cobalt Royal Orchid Floral Resort Shirt | Verified MRP: ₹999 | Sizes: M, L, XL, 2XL (4 Pcs Set (M–2XL)) | Fabric: 100% Pure Combed Cotton & Imported Slub Linen | Work: Executive Tailored Fit • Colorfast Dye • Pre-Shrunk | WhatsApp 24/7 AI Order: +91 90542 41725 (+91 63552 85433 / +91 90542 41725)","in stock","new","999 INR","https://www.shruhicollections.in/","https://shruhicollections.in/assets/products/mens/ms-121-cobalt-royal-orchid-resort-shirt.jpg","Shruhi Collections"
"ms-122-havana-rainforest-tropical-leaf-shirt","SHRUHI-MS-122 - Havana Rainforest Tropical Botanical Leaf Resort Shirt (4 Pcs Set (M–2XL))","Havana Rainforest Tropical Botanical Leaf Resort Shirt | Verified MRP: ₹999 | Sizes: M, L, XL, 2XL (4 Pcs Set (M–2XL)) | Fabric: 100% Pure Combed Cotton & Imported Slub Linen | Work: Executive Tailored Fit • Colorfast Dye • Pre-Shrunk | WhatsApp 24/7 AI Order: +91 90542 41725 (+91 63552 85433 / +91 90542 41725)","in stock","new","999 INR","https://www.shruhicollections.in/","https://shruhicollections.in/assets/products/mens/ms-122-havana-rainforest-tropical-leaf-shirt.jpg","Shruhi Collections"
"ms-123-golden-bamboo-mandarin-resort-shirt","SHRUHI-MS-123 - Golden Bamboo & Palm Mandarin-Collar Resort Shirt (4 Pcs Set (M–2XL))","Golden Bamboo & Palm Mandarin-Collar Resort Shirt | Verified MRP: ₹999 | Sizes: M, L, XL, 2XL (4 Pcs Set (M–2XL)) | Fabric: 100% Pure Combed Cotton & Imported Slub Linen | Work: Executive Tailored Fit • Colorfast Dye • Pre-Shrunk | WhatsApp 24/7 AI Order: +91 90542 41725 (+91 63552 85433 / +91 90542 41725)","in stock","new","999 INR","https://www.shruhicollections.in/","https://shruhicollections.in/assets/products/mens/ms-123-golden-bamboo-mandarin-resort-shirt.jpg","Shruhi Collections"
"ms-124-aegean-feather-botanical-resort-shirt","SHRUHI-MS-124 - Aegean Cyan Feather Botanical Resort Printed Shirt (4 Pcs Set (M–2XL))","Aegean Cyan Feather Botanical Resort Printed Shirt | Verified MRP: ₹999 | Sizes: M, L, XL, 2XL (4 Pcs Set (M–2XL)) | Fabric: 100% Pure Combed Cotton & Imported Slub Linen | Work: Executive Tailored Fit • Colorfast Dye • Pre-Shrunk | WhatsApp 24/7 AI Order: +91 90542 41725 (+91 63552 85433 / +91 90542 41725)","in stock","new","999 INR","https://www.shruhicollections.in/","https://shruhicollections.in/assets/products/mens/ms-124-aegean-feather-botanical-resort-shirt.jpg","Shruhi Collections"
"ms-125-vintage-desert-stripe-cuban-camp-shirt","SHRUHI-MS-125 - Vintage Desert Stripe Cuban Camp-Collar Shirt (4 Pcs Set (M–2XL))","Vintage Desert Stripe Cuban Camp-Collar Shirt | Verified MRP: ₹999 | Sizes: M, L, XL, 2XL (4 Pcs Set (M–2XL)) | Fabric: 100% Pure Combed Cotton & Imported Slub Linen | Work: Executive Tailored Fit • Colorfast Dye • Pre-Shrunk | WhatsApp 24/7 AI Order: +91 90542 41725 (+91 63552 85433 / +91 90542 41725)","in stock","new","999 INR","https://www.shruhicollections.in/","https://shruhicollections.in/assets/products/mens/ms-125-vintage-desert-stripe-cuban-camp-shirt.jpg","Shruhi Collections"
"ms-126-french-riviera-powder-blue-paisley-shirt","SHRUHI-MS-126 - French Riviera Powder-Blue Paisley Resort Shirt (4 Pcs Set (M–2XL))","French Riviera Powder-Blue Paisley Resort Shirt | Verified MRP: ₹999 | Sizes: M, L, XL, 2XL (4 Pcs Set (M–2XL)) | Fabric: 100% Pure Combed Cotton & Imported Slub Linen | Work: Executive Tailored Fit • Colorfast Dye • Pre-Shrunk | WhatsApp 24/7 AI Order: +91 90542 41725 (+91 63552 85433 / +91 90542 41725)","in stock","new","999 INR","https://www.shruhicollections.in/","https://shruhicollections.in/assets/products/mens/ms-126-french-riviera-powder-blue-paisley-shirt.jpg","Shruhi Collections"
"ms-127-santorini-indigo-watercolor-splatter-shirt","SHRUHI-MS-127 - Santorini Indigo Watercolor Splatter Casual Shirt (4 Pcs Set (M–2XL))","Santorini Indigo Watercolor Splatter Casual Shirt | Verified MRP: ₹999 | Sizes: M, L, XL, 2XL (4 Pcs Set (M–2XL)) | Fabric: 100% Pure Combed Cotton & Imported Slub Linen | Work: Executive Tailored Fit • Colorfast Dye • Pre-Shrunk | WhatsApp 24/7 AI Order: +91 90542 41725 (+91 63552 85433 / +91 90542 41725)","in stock","new","999 INR","https://www.shruhicollections.in/","https://shruhicollections.in/assets/products/mens/ms-127-santorini-indigo-watercolor-splatter-shirt.jpg","Shruhi Collections"
"ms-128-executive-charcoal-windowpane-check-shirt","SHRUHI-MS-128 - Executive Charcoal Windowpane Check Casual Shirt (4 Pcs Set (M–2XL))","Executive Charcoal Windowpane Check Casual Shirt | Verified MRP: ₹999 | Sizes: M, L, XL, 2XL (4 Pcs Set (M–2XL)) | Fabric: 100% Pure Combed Cotton & Imported Slub Linen | Work: Executive Tailored Fit • Colorfast Dye • Pre-Shrunk | WhatsApp 24/7 AI Order: +91 90542 41725 (+91 63552 85433 / +91 90542 41725)","in stock","new","999 INR","https://www.shruhicollections.in/","https://shruhicollections.in/assets/products/mens/ms-128-executive-charcoal-windowpane-check-shirt.jpg","Shruhi Collections"
"ms-129-dual-tone-heritage-plaid-casual-shirt","SHRUHI-MS-129 - Dual-Tone Heritage Plaid Casual Shirt (Crimson & Jade Duo) (4 Pcs Set (M–2XL))","Dual-Tone Heritage Plaid Casual Shirt (Crimson & Jade Duo) | Verified MRP: ₹999 | Sizes: M, L, XL, 2XL (4 Pcs Set (M–2XL)) | Fabric: 100% Pure Combed Cotton & Imported Slub Linen | Work: Executive Tailored Fit • Colorfast Dye • Pre-Shrunk | WhatsApp 24/7 AI Order: +91 90542 41725 (+91 63552 85433 / +91 90542 41725)","in stock","new","999 INR","https://www.shruhicollections.in/","https://shruhicollections.in/assets/products/mens/ms-129-dual-tone-heritage-plaid-casual-shirt.jpg","Shruhi Collections"
"ms-130-minimalist-dual-pocket-resort-camp-shirt","SHRUHI-MS-130 - Minimalist Dual-Pocket Resort Camp Shirt (White & Black) (4 Pcs Set (M–2XL))","Minimalist Dual-Pocket Resort Camp Shirt (White & Black) | Verified MRP: ₹999 | Sizes: M, L, XL, 2XL (4 Pcs Set (M–2XL)) | Fabric: 100% Pure Combed Cotton & Imported Slub Linen | Work: Executive Tailored Fit • Colorfast Dye • Pre-Shrunk | WhatsApp 24/7 AI Order: +91 90542 41725 (+91 63552 85433 / +91 90542 41725)","in stock","new","999 INR","https://www.shruhicollections.in/","https://shruhicollections.in/assets/products/mens/ms-130-minimalist-dual-pocket-resort-camp-shirt.jpg","Shruhi Collections"